Lamoudi Ep Ainouz;Djedjiga;07 72 20 84 03
Hamidou Ep Menni ;Assia;07 70 63 92 22
Lamoudi Ep Beladel;Samia;07 70 65 06 79
Bouayad Aga;Nawel Leila;05 51 92 32 00
Boumaza;Amina;07 71 50 04 08
Tamani;Hamid;07 74 41 82 24
Khelef;Belgacem;07 70 93 30 73
Menni;Amel;0554 19 25 44
Guechi Ep Belabed;Mounia;07 71 29 29 75
Rouabhia;Farida;0774 02 70 18
Maameri;Missoum;0550 69 51 14
Morsli Hamici;Rosa;0795 64 36 77
Beladel;Belgacem;0559 63 20 30
Rostane;Samy;05 52 99 82 21
Bendabab;Mohamed;05 51 80 39 21
Rostane;Madjid Karim;07 70 38 02 02
Ilimi;Saadia;06 67 92 49 15
Hamidi;Noureddine;07 71 81 81 74
Arioui;Fatima Zohra;0664 45 56 03
Benazzouz Ep Beldjoudi;Badra;0557092625
Belkheir Ep El Mascri;Bakhta;06 61 41 82 18
Chaabane Sari;Wafa;05 53 53 09 60
Belbekri Ep Fekar;Sihem;0551 36 77 90
Heba;Nasreddine;06 99 72 34 02
Mezouani;Nabil;06 61 23 01 44
Dif;Sihem;0542 37 51 05
Bendimered;Lotfi;07 70 90 99 90
Merad;Tarik;06 61 87 88 60
Dali Yahia;Kamel Mustapha;05 51 14 65 19
Baba Ahmed;Tewfik;05 50 97 97 74
Abboura;Mohamed Lamine;07 74 21 47 88
Boudali;Fatma Zohra;07 70 32 00 93
Gahmousse;Chahrazed;07 70 41 08 52
Lahlouh;Malika;0550 95 39 50
Aichouba Ep Kadi;Nacera;06 61 43 28 09
Azibi;Dalila;0697 23 69 65
Belbekri;Loubna;05 54 66 20 67
Aissat;Fadhila;05 57 07 45 44
Issad;Mohamed;07 70 86 07 99
Khesrani;Lazhar;06 61 57 49 13
Ketani;Isma;0770 99 65 57
Rouini Ep Benattia;Mina;05 51 46 87 15
Benabbas;Faycel;0661 68 42 17
Moat;Fayrouz;0556 34 44 55
Boukhatemi;Hind Halima;07 70 97 87 57
Dendene Ep Djillali;Sadjia;0551 40 12 87
Zalegh;Ilhem;06 61 56 19 48
Djillali Khenfoussia;Keltoum;0774 63 13 83
Belkheir;Mokhtaria;06 61 98 05 67
Douar;Meriem;0661591892
Bouhini;Houria;07 72 84 71 26
Ait Idir;Yacine;05 52 52 47 82
Rouissat Ep Djaballah;Ouardia;05 57 83 57 02
Adem Ep Ydri;Leila;0551 43 27 73
Djaballah;Halima Wafa;06 61 52 89 87
Missoumi Mimouna;Sadjia;0558 23 27 43
Tchouar;Amina;06 61 86 61 68
Rahali;Rym;05 54 54 12 599
Zidouk;Hayet;0550 98 47 27
Mansouri;Ibtissem;06 61 69 06 76
Rebai;Taher;07 72 66 61 23
Araci;Samia;0555 45 72 92
Amraoui;Zahia;06 61 63 02 90
Benzaraa;Ouarda;0555 56 09 03
Sebiane;Toufik;05 55 62 79 99
Rouissat;Fatma Zohra;05 51 01 02 40
Eddrief;Assia;05 54 57 29 48
Boukhari;Dalila;06 61 77 40 71
Rekkab;Fedoua;07 71 67 73 27
Mahnane Ep Sedira;Samia;
Khelif;Mohamed Amine;06 61 55 14 79
Sedira;Salim;05 50 780 715
Ouenougui;Abdessalem;0558 66 46 22
Bensaada;Nassima;07 75 23 88 89
Henouda;Nabila;07 78 79 03 93
Benlahreche;Fatiha;07 70 23 16 53
Bouherid;Abdelkrim Samy;07 70 90 84 47
Boutamine;Noureddine;06 61 12 36 91
Zebadji;Cherifa;0560 35 30 67
Athmani;Sana;07 78 22 72 27
Djouini;Mohamed Yacine;
Djeffali;Taher;0661 24 83 88
Fatteh;Omar;06 61 46 86 14
Belamri;Fouzi;06 61 93 18 39
Daoudi;Latifa;07 70 50 82 08
Darouiche;Chourouk;07 71 71 13 12
Ghenimi;Amina;0550 62 37 91
Kihoul Ep Haoua;Houria;0550 18 51 10
Cheriki;Mohamed;05 55 26 99 08
Djah;Idriss;0551 07 95 24
Haddad;Bouzid;0550 76 05 90
Dis;Embarek;
Gouaiche;Brahim;07 70 93 80 23
YALLAOUI;Abdelghani;0795 31 43 36
DJAMOUH;Amal;07 71 17 50 57
ZAZOUA;Akram Djamel;06 61 70 03 43
KHELLAF;Sabrina;0550 22 22 23
OULD-OUALI;Malek;0555 04 01 91
BELKHIRI;Samir;05 53 63 14 49
AIT MAHAMED;Ali;06 61 32 19 27
SEKFALI;Mohamed Hichem;0773 90 93 20
KHEMANE;Adel;0555 18 25 28
AMARI;Mokhtar;0773 40 92 16
ASSASSI DEKHAR;Raouia;05 50 36 40 14
KHOUDIR;Toufik;07 71 12 18 52
MIMOUNI;Azzedine;05 56 76 47 61
MOSTEFAOUI;Mounia;0793 62 72 64
AMMAR KHODJA;Lamine;021 40 59 55
Bentayeb ;Feryel ;0668 24 86 16
KHELIFA;Nawel;0558 83 86 73
BENOUNICHE;Nazim Kamel;0772 14 51 52
ADRAR;Farid Abdelmalek;07 70 65 37 83 / 05 51 09 70 86
DAHMANI NEHAI;Kenza;0560 48 35 18
CHEGHIB;Zineddine;06 66 55 01 30
LARDJANE;Fatma;07 70 53 95 22
TLEMSANI;Amel;0775 80 73 68
AMANI;Sarra;0550 39 85 40
HALLIL;Belkacem;0553 06 90 63
KARAR;Redouane;07 72 33 88 50
AOUACHRIA ;Amina;0770 64 03 80
AIT MEKIDECHE;MOHAMED REDA;07 72 95 32 87
LAIB;Amel;07 70 32 75 30
CHOBTI;Tahar;06 62 03 03 32
KINI;Boualem Chakim;0662 86 04 07
DJEBARRA ;Halim Cain;05 50 63 46 56
SENHADJI;Karim;05 61 39 21 53
KHELIF ;Amina;07 70 43 46 76
HADJ SAID;Hammouda;0770 32 29 70
LEBID;Mohamed;05 53 59 42 02
OULD SLIMANE;Bouchra Loundja;0552 61 15 52
BELHADJ;Hamza;0550 20 45 56
MEBARKI;Wissem Messaouda;07 73 46 39 46
TEHAMI;Imene;06 97 36 47 86
BOUDIAF;Hocine;0552 92 03 07
BENMOUSSA;Maria Rim;07 70 35 94 78
TAHRAOUI;Tewfik;0557 48 77 05
BELGHAIT;Tayeb;05 53 08 66 60
MADOURI;Mourad;0771 84 84 05
BOUHDJEUR ;El-Amin;05 50 39 21 08
AMRI ;Faouzi;07 71 51 28 37
HACHELAF;Amine;06 61 60 80 35
HAMMACHE;Chahnaz;0550 83 51 21
BRAHIMI;Latifa;05 54 09 18 28
AIT EL HADJ;Mohamed;05 54 50 26 11
BELMIHOUB;Nesrine Yasmine;06 61 61 06 79
RAHAL;Chakib;05 51 13 31 83
CHEKROUNE;Meriem;0550 52 86 68
TAIBI;Mohamed Raouf;06 62 14 25 82
DAOUDI;Djalil;0550 10 09 26
AMALOU;Douchka Hind;05 50 10 76 97
MAHINDAD;Souhila;07 79 77 29 05
AIT HAMOUDA;Hayet;0550 63 24 25
FARAD;Nour-Eddine;0661.34.40.43
BENRABAH;Imad;06 61 50 82 25
DECHIR;Belaid;06 61 28 44 44 
IHAMMICHENE;Riad;07 72 38 79 55
BOURTEL;Lakhdar;0661 60 25 35
HAMDANI;FATIMAZOHRA;06 61 54 16 42
YAHIOUNE;Mohamed Rafik;06 61 40 12 83
LAOUBI;Ouissem;0778 12 43 21
BOUAIFEL ;Karima;05 50 40  01 17
DJEGHRI;Kamel;06 61 52 59 84